{ "nodes" : [{ "key":"http://localhost/testing/","title":"http://localhost/testing/", "color":"green" },{ "key":"http://localhost/testing2/","title":"go to", "color":"skyblue" },{ "key":"http://localhost/","title":"localhost", "color":"skyblue" },{ "key":"https://www.facebook.com/","title":"facebook", "color":"skyblue" }], "links" : [ { "from": "http://localhost/testing/", "to": "http://localhost/testing2/" }, { "from": "http://localhost/testing/", "to": "http://localhost/" }, { "from": "http://localhost/testing/", "to": "https://www.facebook.com/" }]}