{
   "nodes":[
     
      {
         "key":"http://localhost/testing/index.html",
         "title":"http://localhost/testing/index.html",
         "color":"skyblue"
      },
      {
         "key":"http://localhost/testing/page3.html",
         "title":"http://localhost/testing/page3.html",
         "color":"skyblue"
      },
      {
         "key":"http://localhost/testing/page2.html",
         "title":"http://localhost/testing/page2.html",
         "color":"skyblue"
      }
    
   ],
   "links":[
      {
         "from":"http://localhost/testing/page2.html",
         "to":"http://localhost/testing/index.html",
         "screenShoot":"",
         "text":"click",
         "element":"body",
         "DateTime":"7/14/2019, 4:33:33 PM"
      },
      {
         "from":"http://localhost/testing/index.html",
         "to":"http://localhost/testing/index.html",
         "screenShoot":"",
         "text":"click",
         "element":"input",
         "DateTime":"7/14/2019, 4:33:35 PM"
      },
      {
         "from":"http://localhost/testing/index.html",
         "to":"http://localhost/testing/index.html",
         "screenShoot":"",
         "text":"keydown",
         "element":"input",
         "DateTime":"7/14/2019, 4:33:35 PM"
      },
      {
         "from":"http://localhost/testing/index.html",
         "to":"http://localhost/testing/index.html",
         "screenShoot":"",
         "text":"keydown",
         "element":"input",
         "DateTime":"7/14/2019, 4:33:35 PM"
      },
      {
         "from":"http://localhost/testing/index.html",
         "to":"http://localhost/testing/index.html",
         "screenShoot":"",
         "text":"keydown",
         "element":"input",
         "DateTime":"7/14/2019, 4:33:36 PM"
      },
      {
         "from":"http://localhost/testing/index.html",
         "to":"http://localhost/testing/index.html",
         "screenShoot":"",
         "text":"keydown",
         "element":"input",
         "DateTime":"7/14/2019, 4:33:36 PM"
      },
      {
         "from":"http://localhost/testing/index.html",
         "to":"http://localhost/testing/index.html",
         "screenShoot":"",
         "text":"keydown",
         "element":"input",
         "DateTime":"7/14/2019, 4:33:36 PM"
      },
      {
         "from":"http://localhost/testing/page2.html",
         "to":"http://localhost/testing/index.html",
         "screenShoot":"",
         "text":"click",
         "element":"body",
         "DateTime":"7/14/2019, 4:33:36 PM"
      },
      {
         "from":"http://localhost/testing/index.html",
         "to":"http://localhost/testing/index.html",
         "screenShoot":"",
         "text":"click",
         "element":"input",
         "DateTime":"7/14/2019, 4:33:37 PM"
      },
      {
         "from":"http://localhost/testing/index.html",
         "to":"http://localhost/testing/index.html",
         "screenShoot":"",
         "text":"keydown",
         "element":"input",
         "DateTime":"7/14/2019, 4:33:37 PM"
      },
      {
         "from":"http://localhost/testing/index.html",
         "to":"http://localhost/testing/index.html",
         "screenShoot":"",
         "text":"keydown",
         "element":"input",
         "DateTime":"7/14/2019, 4:33:37 PM"
      },
      {
         "from":"http://localhost/testing/index.html",
         "to":"http://localhost/testing/index.html",
         "screenShoot":"",
         "text":"keydown",
         "element":"input",
         "DateTime":"7/14/2019, 4:33:38 PM"
      },
      {
         "from":"http://localhost/testing/page3.html",
         "to":"http://localhost/testing/index.html",
         "screenShoot":"",
         "text":"click",
         "element":"a",
         "DateTime":"7/14/2019, 4:33:46 PM"
      },
      {
         "from":"http://localhost/testing/page2.html",
         "to":"http://localhost/testing/page3.html",
         "screenShoot":"",
         "text":"click",
         "element":"a",
         "DateTime":"7/14/2019, 4:33:47 PM"
      },
      {
         "from":"http://localhost/testing/index.html",
         "to":"http://localhost/testing/page2.html",
         "screenShoot":"",
         "text":"click",
         "element":"a",
         "DateTime":"7/14/2019, 4:33:48 PM"
      },
      {
         "from":"http://localhost/testing/index.html",
         "to":"http://localhost/testing/index.html",
         "screenShoot":"",
         "text":"click",
         "element":"input",
         "DateTime":"7/14/2019, 4:33:55 PM"
      },
      {
         "from":"http://localhost/testing/index.html",
         "to":"http://localhost/testing/index.html",
         "screenShoot":"",
         "text":"keydown",
         "element":"input",
         "DateTime":"7/14/2019, 4:33:55 PM"
      },
      {
         "from":"http://localhost/testing/index.html",
         "to":"http://localhost/testing/index.html",
         "screenShoot":"",
         "text":"keydown",
         "element":"input",
         "DateTime":"7/14/2019, 4:33:55 PM"
      },
      {
         "from":"http://localhost/testing/index.html",
         "to":"http://localhost/testing/index.html",
         "screenShoot":"",
         "text":"keydown",
         "element":"input",
         "DateTime":"7/14/2019, 4:33:55 PM"
      },
      {
         "from":"http://localhost/testing/index.html",
         "to":"http://localhost/testing/index.html",
         "screenShoot":"",
         "text":"keydown",
         "element":"input",
         "DateTime":"7/14/2019, 4:33:55 PM"
      },
      {
         "from":"http://localhost/testing/page2.html",
         "to":"http://localhost/testing/index.html",
         "screenShoot":"",
         "text":"click",
         "element":"body",
         "DateTime":"7/14/2019, 4:34:06 PM"
      },
      {
         "from":"blob:http://localhost/a014a56e-931e-4ff5-aa0c-5fdd7a1bfda4",
         "to":"http://localhost/testing/index.html",
         "screenShoot":"",
         "text":"click",
         "element":"a",
         "DateTime":"7/14/2019, 4:34:11 PM"
      }
   ]
}